catchment_id,train_coverage,validation_coverage,test_coverage,train_q95_m3_s,train_high_flow_days,validation_high_flow_days,test_high_flow_days,nonzero_train_days,negative_values,selection_score
03005,1.0,1.0,0.9720700985761227,3018.079999999988,329,174,64,6575,0,0.9720700985761227
03008,1.0,0.9813800657174151,0.9693318729463308,1254.2719999999993,329,154,49,6575,0,0.9693318729463308
03013,1.0,0.988499452354874,0.9644030668127054,131.82799999999915,329,141,31,6528,0,0.9644030668127054
03018,1.0,1.0,0.5695509309967142,1258.2929999999856,329,97,51,6554,0,0.5695509309967142
03019,1.0,0.9759036144578314,0.6757940854326396,28.75899999999998,329,93,4,2592,0,0.6757940854326396
03020,1.0,1.0,0.37130339539978097,132.2399999999994,329,25,18,4423,0,0.37130339539978097
03029,1.0,1.0,0.49123767798466594,196.50799999999953,329,27,26,3824,0,0.49123767798466594
03031,1.0,1.0,0.5646221248630887,475.65399999999914,329,60,22,6575,0,0.5646221248630887
03040,1.0,0.976998904709748,0.976998904709748,109.14999999999964,329,110,30,5948,0,0.976998904709748
03045,1.0,1.0,0.604052573932092,1510.2609999999984,329,113,17,6575,0,0.604052573932092
03048,1.0,1.0,0.97973713033954,473.9609999999986,329,131,44,6574,0,0.97973713033954
03055,1.0,1.0,0.7776560788608982,789.4739999999991,329,80,31,6479,0,0.7776560788608982
03068,1.0,1.0,0.5783132530120482,316.95899999999955,329,23,27,6540,0,0.5783132530120482
03071,1.0,1.0,0.7360350492880613,3589.4769999999944,329,103,100,6553,0,0.7360350492880613
03075,1.0,1.0,0.8833515881708652,12077.899999999961,329,116,48,6575,0,0.8833515881708652
03083,1.0,1.0,0.9244249726177437,105.02999999999993,329,129,50,6004,0,0.9244249726177437
03092,1.0,0.9978094194961665,0.5558598028477546,607.1199999999997,329,87,47,6575,0,0.5558598028477546
03094,1.0,1.0,0.9802847754654983,236.85599999999934,329,134,46,6575,0,0.9802847754654983
03103,1.0,1.0,0.7836801752464403,4888.070999999997,329,139,21,6575,0,0.7836801752464403
03109,1.0,0.9874041621029573,0.524644030668127,602.9739999999981,329,64,51,4674,0,0.524644030668127
04004,1.0,1.0,0.9819277108433735,895.6259999999965,329,90,61,6192,0,0.9819277108433735
04007,1.0,1.0,0.9693318729463308,98.06799999999967,329,131,58,5767,0,0.9693318729463308
04012,1.0,1.0,0.976998904709748,16.824999999999964,329,175,49,5676,0,0.976998904709748
04013,1.0,1.0,0.8170865279299014,1009.5999999999985,329,74,219,6012,0,0.8170865279299014
04017,1.0,1.0,0.895947426067908,3086.099999999995,329,57,48,6575,0,0.895947426067908
04021,1.0,1.0,0.9846659364731654,704.7529999999999,329,45,46,6226,0,0.9846659364731654
04022,1.0,1.0,0.9764512595837898,242.46399999999818,329,127,46,6060,0,0.9764512595837898
04026,1.0,1.0,1.0,2276.117999999998,329,64,67,2163,0,1.0
04028,1.0,1.0,0.9622124863088719,50.42999999999993,329,109,46,6054,0,0.9622124863088719
04030,1.0,1.0,0.9846659364731654,86.76,328,199,116,6098,0,0.9846659364731654
04031,1.0,1.0,0.9485213581599123,1059.081,329,92,47,6154,0,0.9485213581599123
04038,1.0,1.0,0.9759036144578314,643.1399999999994,329,25,31,2589,0,0.9759036144578314
04049,1.0,0.7831325301204819,0.5903614457831325,219.0529999999999,329,50,37,1773,0,0.5903614457831325
04050,1.0,1.0,0.6418400876232202,886.7699999999986,329,100,259,6297,0,0.6418400876232202
04054,1.0,1.0,0.9934282584884995,707.8819999999973,329,40,37,2285,0,0.9934282584884995
04060,1.0,0.6823658269441402,0.436473165388828,2041.2370999999898,329,38,5,6186,0,0.436473165388828
04061,1.0,1.0,0.9846659364731654,66.2289999999999,329,113,63,1596,0,0.9846659364731654
04062,1.0,1.0,0.9808324205914567,2132.5869999999923,329,65,18,6575,0,0.9808324205914567
04063,1.0,1.0,0.9830230010952903,469.3209999999993,329,60,70,6086,0,0.9830230010952903
04064,1.0,1.0,0.9912376779846659,1027.115999999997,329,60,47,4665,0,0.9912376779846659
05002,1.0,1.0,0.9622124863088719,799.3799999999995,329,62,49,6575,0,0.9622124863088719
05007,1.0,1.0,0.69934282584885,67.80199999999998,329,65,79,3965,0,0.69934282584885
05008,1.0,1.0,0.8899233296823659,699.2309999999987,329,24,33,6379,0,0.8899233296823659
05010,1.0,1.0,0.9633077765607886,408.1099999999995,329,76,61,6574,0,0.9633077765607886
05012,1.0,0.6911281489594743,0.6347207009857613,723.7799999999996,329,39,19,6366,0,0.6347207009857613
05013,1.0,1.0,0.9819277108433735,370.0899999999998,329,72,83,6502,0,0.9819277108433735
05014,1.0,1.0,0.5991237677984665,36.51199999999997,329,54,32,2144,0,0.5991237677984665
05015,1.0,1.0,0.5328587075575028,185.92999999999992,329,284,99,6521,0,0.5328587075575028
05018,1.0,1.0,0.9622124863088719,35.35799999999996,329,48,49,6558,0,0.9622124863088719
05022,1.0,1.0,0.9616648411829135,28.362999999999992,329,62,60,6515,0,0.9616648411829135
05027,1.0,1.0,0.5854326396495071,92.51599999999962,329,67,26,5589,0,0.5854326396495071
05028,1.0,0.8510405257393209,0.8422782037239869,379.93999999999795,329,33,39,6575,0,0.8422782037239869
05029,1.0,1.0,0.7387732749178533,658.3,327,40,47,4961,0,0.7387732749178533
06001,1.0,1.0,1.0,449.87999999999954,329,71,81,6575,0,1.0
06006,1.0,1.0,0.6861993428258488,1004.3029999999999,329,106,45,6575,0,0.6861993428258488
06008,1.0,1.0,0.6861993428258488,1172.259999999997,329,70,44,6575,0,0.6861993428258488
07002,1.0,1.0,0.9830230010952903,701.4099999999995,329,50,41,6575,0,0.9830230010952903
07005,1.0,1.0,0.976998904709748,152.80199999999974,329,73,56,6575,0,0.976998904709748
07007,1.0,1.0,1.0,1713.2609999999993,329,85,78,6575,0,1.0
07008,1.0,1.0,0.9994523548740416,688.1799999999996,329,42,17,6575,0,0.9994523548740416
07009,1.0,1.0,0.9989047097480832,2293.19999999999,329,46,42,6575,0,0.9989047097480832
07015,1.0,1.0,1.0,291.80199999999974,329,77,51,6227,0,1.0
08003,1.0,0.9994523548740416,1.0,417.35599999999886,329,47,46,6575,0,0.9994523548740416
08006,1.0,1.0,0.9835706462212487,3135.38699999997,329,99,54,6575,0,0.9835706462212487
09001,1.0,1.0,0.9846659364731654,197.14999999999964,329,121,167,4796,0,0.9846659364731654
09002,1.0,1.0,0.952354874041621,287.45999999999987,329,126,148,4774,0,0.952354874041621
09005,1.0,1.0,0.5613362541073385,17.925999999999988,329,18,27,999,0,0.5613362541073385
09008,1.0,1.0,0.6007667031763417,9.218999999999978,329,140,8,2430,0,0.6007667031763417
09011,1.0,0.9978094194961665,0.531763417305586,3.7989999999999053,329,14,33,633,0,0.531763417305586
09012,1.0,1.0,0.5071193866374589,14.825999999999986,329,13,3,1667,0,0.5071193866374589
10005,1.0,0.8866374589266156,0.32858707557502737,14.13899999999976,329,161,124,4985,0,0.32858707557502737
10008,1.0,1.0,0.9337349397590361,469.08759999999904,329,141,94,6575,0,0.9337349397590361
10010,1.0,0.9808324205914567,0.8088718510405257,145.8,328,262,179,4498,0,0.8088718510405257
10013,1.0,1.0,0.9605695509309967,42.79699999999964,329,93,70,6442,0,0.9605695509309967
12004,1.0,0.8866374589266156,0.8044906900328587,1367.8999999999905,329,79,39,6575,0,0.8044906900328587
12006,1.0,1.0,0.9742606790799562,90.19399999999979,329,130,94,6568,0,0.9742606790799562
12012,1.0,1.0,0.9353778751369113,118.15999999999985,329,143,81,6575,0,0.9353778751369113
12016,1.0,0.8406352683461117,0.9748083242059146,165.2399999999994,329,92,49,6575,0,0.8406352683461117
12025,1.0,1.0,0.9863088718510405,3372.0999999999876,329,96,37,6575,0,0.9863088718510405
12026,1.0,1.0,1.0,2828.3559999999993,329,100,16,6575,0,1.0
12035,1.0,1.0,0.97973713033954,3826.199999999997,329,96,20,6575,0,0.97973713033954
12036,1.0,1.0,0.984118291347207,448.619999999999,329,53,11,6575,0,0.984118291347207
12038,1.0,1.0,0.9983570646221248,359.9299999999999,329,90,59,6575,0,0.9983570646221248
12046,1.0,1.0,0.9994523548740416,1939.6999999999935,329,110,36,6575,0,0.9994523548740416
15003,1.0,1.0,0.9600219058050383,22.52,328,98,67,6556,0,0.9600219058050383
15005,1.0,1.0,0.872946330777656,245.21999999999971,329,79,62,5241,0,0.872946330777656
15007,1.0,1.0,0.8077765607886089,81.1369999999995,329,56,47,4801,0,0.8077765607886089
15008,1.0,1.0,0.7623220153340635,1612.4999999999964,329,99,65,5190,0,0.7623220153340635
15009,1.0,1.0,0.9556407447973713,331.8249999999995,329,94,57,5753,0,0.9556407447973713
15010,1.0,1.0,0.9994523548740416,228.78999999999976,329,91,60,6575,0,0.9994523548740416
15011,1.0,1.0,0.8592552026286966,146.5,328,72,77,4574,0,0.8592552026286966
15012,1.0,1.0,0.8258488499452354,233.08099999999908,329,82,103,5812,0,0.8258488499452354
15013,1.0,1.0,0.7573932092004381,181.879,329,75,66,4381,0,0.7573932092004381
15014,1.0,1.0,0.9184008762322016,232.14999999999964,329,83,106,5381,0,0.9184008762322016
15016,1.0,0.9107338444687842,0.6555312157721797,632.1999999999992,329,45,98,6200,0,0.6555312157721797
15017,1.0,1.0,0.7798466593647316,600.2399999999994,329,89,78,5163,0,0.7798466593647316
15019,1.0,1.0,0.8532311062431545,449.7689999999998,329,87,55,5620,0,0.8532311062431545
15020,1.0,1.0,0.9145673603504929,127.51199999999967,329,52,75,5731,0,0.9145673603504929
15021,1.0,1.0,0.9414019715224534,723.2699999999986,329,95,66,6575,0,0.9414019715224534
15022,1.0,1.0,0.9654983570646222,134.42999999999992,329,75,123,6575,0,0.9654983570646222
15023,1.0,1.0,0.9457831325301205,576.9659999999989,329,79,82,6574,0,0.9457831325301205
15024,1.0,1.0,0.93921139101862,233.419999999999,329,81,64,6507,0,0.93921139101862
15026,1.0,1.0,0.9293537787513692,465.5899999999998,329,91,54,6575,0,0.9293537787513692
15030,1.0,1.0,0.8422782037239869,153.24999999999963,329,53,42,5713,0,0.8422782037239869
15032,1.0,1.0,0.8877327491785323,233.47999999999956,329,89,70,5391,0,0.8877327491785323
16007,1.0,0.8324205914567361,0.9972617743702081,338.38219999999916,329,71,93,6550,0,0.8324205914567361
16014,1.0,0.9906900328587076,0.9879518072289156,330.19499999999954,329,136,68,6407,0,0.9879518072289156
17003,1.0,1.0,0.5815991237677984,6.992999999999993,329,7,29,2692,0,0.5815991237677984
17006,1.0,1.0,0.9561883899233297,33.72399999999995,329,33,124,4208,0,0.9561883899233297
17007,1.0,1.0,0.6681270536692223,1.58,328,27,24,1660,0,0.6681270536692223
17009,1.0,1.0,0.5049288061336255,36.14399999999987,329,96,26,877,0,0.5049288061336255
17011,1.0,1.0,0.864184008762322,58.974999999999675,329,23,74,6533,0,0.864184008762322
17012,1.0,1.0,0.5690032858707558,37.76,327,51,37,1599,0,0.5690032858707558
17015,1.0,1.0,0.6894852135815991,7.587999999999957,329,69,47,998,0,0.6894852135815991
17019,1.0,1.0,0.9058050383351588,55.80299999999999,329,48,103,6060,0,0.9058050383351588
17022,1.0,1.0,0.6423877327491785,48.95699999999994,329,36,34,3739,0,0.6423877327491785
17024,1.0,1.0,0.5142387732749178,47.06899999999998,329,39,34,1099,0,0.5142387732749178
04016,0.9998479087452471,0.6829134720700986,0.05805038335158817,989.46005,329,50,24,6557,0,0.05805038335158817
10011,0.9998479087452471,1.0,0.907447973713034,160.17499999999973,329,198,217,5446,0,0.907447973713034
10014,0.9996958174904943,0.9485213581599123,0.8023001095290252,85.69999999999982,329,194,138,5499,0,0.8023001095290252
03064,0.9995437262357414,0.9446878422782037,0.9441401971522454,81.03049999999998,329,164,42,6082,0,0.9441401971522454
12018,0.9995437262357414,0.8565169769989047,0.9222343921139102,162.13499999999996,329,190,132,6496,0,0.8565169769989047
12043,0.9987832699619772,0.9928806133625411,0.9030668127053669,233.4499999999999,329,129,56,6451,0,0.9030668127053669
03081,0.9983269961977186,0.916210295728368,0.9304490690032858,367.59499999999963,329,114,57,5102,0,0.916210295728368
08020,0.9971102661596958,1.0,1.0,282.5775,328,155,114,4035,0,0.9971102661596958
08034,0.9968060836501901,1.0,1.0,2594.149999999995,328,95,43,6554,0,0.9968060836501901
14005,0.9966539923954373,0.6380065717415115,0.36801752464403065,548.0887999999998,328,76,34,5996,0,0.36801752464403065
12020,0.9965019011406844,1.0,0.9173055859802848,3890.149999999995,328,79,13,6552,0,0.9173055859802848
03024,0.9963498098859316,1.0,0.4813800657174151,7.375,328,217,0,1473,0,0.4813800657174151
08031,0.9963498098859316,0.9824753559693319,0.9693318729463308,318.15,328,87,58,6279,0,0.9693318729463308
03073,0.995893536121673,1.0,0.8888280394304491,9448.498999999987,328,169,53,6540,0,0.8888280394304491
03074,0.9948288973384031,0.5558598028477546,0.5394304490690033,489.6,327,78,51,6100,0,0.5394304490690033
10004,0.9933079847908746,0.8866374589266156,0.18619934282584885,244.39,326,18,17,3782,0,0.18619934282584885
16001,0.9931558935361217,0.875684556407448,0.7135815991237678,77.71499999999978,327,184,126,5228,0,0.7135815991237678
08009,0.9925475285171103,0.9550930996714129,0.9972617743702081,150.935,327,55,50,5717,0,0.9550930996714129
08013,0.9914828897338404,1.0,0.9989047097480832,1585.3029999999997,326,53,89,6519,0,0.9914828897338404
08036,0.9914828897338404,0.9616648411829135,0.9972617743702081,485.98099999999954,326,86,52,6397,0,0.9616648411829135
08035,0.990874524714829,1.0,1.0,657.9399999999972,326,128,76,6433,0,0.990874524714829
08016,0.9901140684410646,1.0,1.0,962.6009999999999,326,80,87,6510,0,0.9901140684410646
08038,0.9893536121673003,0.767250821467689,0.9950711938663745,7394.14999999999,326,38,79,6505,0,0.767250821467689
03030,0.9867680608365019,0.7464403066812705,0.968236582694414,162.66499999999996,325,115,54,6026,0,0.7464403066812705
13004,0.9861596958174905,1.0,0.8061336254107339,636.3249999999997,325,145,69,5988,0,0.8061336254107339
08023,0.983574144486692,0.9934282584884995,0.9857612267250822,48.567,324,56,22,5178,0,0.983574144486692
08001,0.9812927756653992,0.9994523548740416,0.9978094194961665,50.017999999999994,323,75,68,6251,0,0.9812927756653992
14008,0.9790114068441065,1.0,0.8050383351588171,208.1599999999998,322,54,46,6436,0,0.8050383351588171
08011,0.977490494296578,1.0,0.9978094194961665,1353.5199999999998,322,155,66,6288,0,0.977490494296578
08005,0.9761216730038023,0.9660460021905805,0.9561883899233297,213.02249999999995,321,60,35,5463,0,0.9561883899233297
08028,0.9746007604562738,0.9693318729463308,1.0,145.07149999999996,321,135,92,5075,0,0.9693318729463308
04003,0.973384030418251,0.6029572836801752,0.8209200438116101,1479.4499999999935,320,53,53,2349,0,0.6029572836801752
04048,0.973384030418251,0.6029572836801752,0.7475355969331873,584.1449999999994,320,62,65,2278,0,0.6029572836801752
04056,0.973384030418251,0.5136911281489595,0.5690032858707558,808.9699999999975,320,77,75,2225,0,0.5136911281489595
03098,0.9724714828897338,0.7732749178532311,0.3559693318729463,137.2849999999994,320,118,0,5779,0,0.3559693318729463
03082,0.970190114068441,0.8253012048192772,0.7962760131434831,94.08899999999925,319,129,45,3644,0,0.7962760131434831
03089,0.9700380228136882,0.8242059145673604,0.7661555312157722,90.57699999999993,319,151,53,3597,0,0.7661555312157722
14001,0.9665399239543726,0.6944140197152245,0.5350492880613362,440.0,316,48,78,6259,0,0.5350492880613362
11007,0.95787072243346,0.40470974808324206,0.13855421686746988,43.01949999999995,315,60,8,2842,0,0.13855421686746988
08030,0.9496577946768061,0.7792990142387732,0.9775465498357064,202.21499999999995,313,74,53,4721,0,0.7792990142387732
03099,0.9492015209125475,1.0,0.4715224534501643,102.95,312,93,57,5450,0,0.4715224534501643
03105,0.9492015209125475,1.0,0.6292442497261774,181.85,312,89,67,6188,0,0.6292442497261774
14014,0.9467680608365019,1.0,0.8061336254107339,161.88399999999965,312,80,72,4043,0,0.8061336254107339
13025,0.9432699619771863,0.8860898138006572,0.604052573932092,216.94999999999982,311,134,60,4780,0,0.604052573932092
04057,0.9429657794676806,0.5175246440306681,0.8466593647316539,96.86699999999989,310,86,60,4643,0,0.5175246440306681
04006,0.9419011406844107,0.40416210295728366,0.42606790799561883,130.21999999999989,310,42,29,4533,0,0.40416210295728366
08029,0.9380988593155893,0.572289156626506,0.8948521358159912,490.0,308,56,70,6092,0,0.572289156626506
04047,0.9361216730038023,0.40470974808324206,0.5164293537787513,499.9299999999985,308,68,53,2161,0,0.40470974808324206
06007,0.9344486692015209,1.0,1.0,460.267,308,104,97,6144,0,0.9344486692015209
16012,0.9306463878326996,0.9720700985761227,0.9748083242059146,351.6579999999998,306,81,93,4775,0,0.9306463878326996
04023,0.9294296577946768,1.0,0.7026286966046003,11.62,305,73,35,3152,0,0.7026286966046003
11001,0.9283650190114069,0.5613362541073385,0.828039430449069,35.8,298,36,100,3498,0,0.5613362541073385
04044,0.9177186311787072,0.52026286966046,0.6139101861993428,216.56999999999988,302,71,77,1666,0,0.52026286966046
04019,0.912851711026616,0.0,0.004381161007667032,4248.4999999999945,301,0,0,5981,0,0.0
04041,0.912851711026616,0.0,0.9441401971522454,36.64749999999999,301,0,9,5703,0,0.0
04051,0.912851711026616,0.0,0.0,1.82,299,0,0,718,0,0.0
11006,0.9085931558935362,0.4090909090909091,0.1982475355969332,51.11949999999991,299,82,87,2436,0,0.1982475355969332
04025,0.9043346007604562,1.0,0.4764512595837897,62.135,298,97,31,3219,0,0.4764512595837897
04024,0.9037262357414448,0.0,0.0,6.585499999999984,298,0,0,861,0,0.0
03038,0.8898859315589354,0.7814895947426068,0.7667031763417306,55.614999999999995,293,128,30,3044,0,0.7667031763417306
07001,0.8889733840304183,1.0,1.0,100.0,290,56,53,5845,0,0.8889733840304183
03056,0.8888212927756654,0.7513691128148959,0.9309967141292442,34.28499999999995,293,157,85,4891,0,0.7513691128148959
03107,0.8838022813688213,0.8263964950711938,0.778751369112815,158.45499999999998,291,133,52,3326,0,0.778751369112815
14009,0.8711787072243345,0.3181818181818182,0.5109529025191676,172.34849999999975,287,48,68,2412,0,0.3181818181818182
08021,0.8685931558935361,0.8696604600219058,0.984118291347207,417.45,286,51,53,5640,0,0.8685931558935361
04005,0.8661596958174905,0.8565169769989047,0.6265060240963856,52.69100000000002,285,91,44,4518,0,0.6265060240963856
03002,0.8658555133079848,1.0,0.38718510405257395,123.0259999999999,285,91,34,4509,0,0.38718510405257395
13010,0.8608365019011407,0.9173055859802848,0.6478641840087623,125.62450000000005,283,110,53,5112,0,0.6478641840087623
12029,0.8582509505703422,0.9622124863088719,0.7349397590361446,158.6499999999998,283,97,60,3455,0,0.7349397590361446
03043,0.8576425855513308,0.0,0.0,12656.84799999998,282,0,0,5639,0,0.0
04018,0.8573384030418251,0.0,0.0,20.06799999999999,282,0,0,3940,0,0.0
13016,0.8536882129277567,0.9173055859802848,0.7464403066812705,1300.7999999999993,281,89,38,3295,0,0.7464403066812705
14012,0.8473003802281369,0.6736035049288062,0.0,143.775,279,58,0,3658,0,0.0
04039,0.8343726235741444,0.0,0.006024096385542169,27.42,275,0,11,3068,0,0.0
03028,0.8250950570342205,0.0,0.0,468.00000000000034,272,0,0,5071,0,0.0
03072,0.8250950570342205,0.0,0.004928806133625411,1638.4080000000008,272,0,0,5425,0,0.0
03014,0.8240304182509506,0.0,0.0,69.66549999999987,271,0,0,5383,0,0.0
14003,0.8223574144486692,1.0,0.8187294633077765,600.9799999999997,271,72,48,3563,0,0.8187294633077765
13008,0.8074524714828898,0.7130339539978094,0.06900328587075576,1105.9545999999991,266,49,39,3694,0,0.06900328587075576
13007,0.7800760456273764,0.0,0.07447973713033954,377.9799999999993,257,0,0,5129,0,0.0
14004,0.7776425855513308,0.6150054764512596,0.0,288.82559999999955,256,27,0,4516,0,0.0
03079,0.7698859315589354,0.624315443592552,0.4539978094194962,196.10999999999967,254,34,4,4688,0,0.4539978094194962
13006,0.7330798479087453,0.0,0.13362541073384446,500.3200000000001,241,0,18,4820,0,0.0
11005,0.7300380228136882,0.3702081051478642,0.25903614457831325,18.10045000000007,240,86,92,1909,0,0.25903614457831325
03017,0.6991634980988594,1.0,0.4791894852135816,85.54399999999987,230,90,27,4049,0,0.4791894852135816
07011,0.6961216730038022,0.8001095290251917,0.0,1536.999999999999,229,69,0,4577,0,0.0
05005,0.68,1.0,0.7053669222343921,8.425,224,9,23,1889,0,0.68
04055,0.6796958174904943,0.40470974808324206,0.41621029572836804,32.86799999999982,224,48,42,2177,0,0.40470974808324206
04040,0.67893536121673,0.0,0.0,748.0099999999975,224,0,0,4437,0,0.0
03087,0.6695057034220532,0.9819277108433735,0.7699890470974808,895.801499999999,221,203,60,4225,0,0.6695057034220532
03057,0.6692015209125475,0.0,0.0,5779.300000000001,220,0,0,4400,0,0.0
04032,0.6606844106463878,0.8636363636363636,0.5657174151150055,435.97999999999956,218,72,111,2887,0,0.5657174151150055
03047,0.6498859315589354,0.6922234392113911,0.47973713033953996,133.65919999999957,214,51,54,3766,0,0.47973713033953996
16004,0.6465399239543727,1.0,0.9726177437020811,350.0,212,69,73,4236,0,0.6465399239543727
03009,0.6436501901140684,1.0,0.5240963855421686,30.357999999999993,212,54,0,2137,0,0.5240963855421686
03076,0.6168821292775666,0.6029572836801752,0.3565169769989047,178.8375,203,118,89,4056,0,0.3565169769989047
03085,0.5957414448669202,0.36308871851040525,0.40470974808324206,140.21919999999977,196,59,5,2292,0,0.36308871851040525
13017,0.5844866920152091,0.0,0.0,1177.402199999994,193,0,0,3616,0,0.0
05004,0.5779467680608364,1.0,0.6801752464403067,14.022999999999984,190,105,145,2277,0,0.5779467680608364
17001,0.5554372623574144,1.0,0.6593647316538883,12.70949999999998,183,58,40,1278,0,0.5554372623574144
13012,0.5422053231939163,0.0,0.0,65.40799999999979,179,0,0,3396,0,0.0
03069,0.5373384030418251,0.4786418400876232,0.29901423877327493,186.31019999999995,177,10,18,1510,0,0.29901423877327493
09009,0.5285171102661597,0.35049288061336253,0.0,261.47999999999985,174,9,0,1462,0,0.0
05023,0.5151330798479088,0.9704271631982475,0.651697699890471,1.73,169,54,48,770,0,0.5151330798479088
15031,0.47695817490494297,1.0,0.8510405257393209,25.45,157,48,39,2332,0,0.47695817490494297
05024,0.4695057034220532,1.0,0.6927710843373494,22.570999999999994,155,106,15,2625,0,0.4695057034220532
12009,0.4597718631178707,0.9572836801752465,0.6621029572836802,398.79000000000065,152,24,5,2995,0,0.4597718631178707
14015,0.45749049429657795,0.5454545454545454,0.3614457831325301,54.24125000000003,151,32,29,1594,0,0.3614457831325301
12001,0.4542965779467681,0.9052573932092004,0.8269441401971522,124.73699999999997,150,81,47,2464,0,0.4542965779467681
15018,0.45368821292775663,1.0,0.7152245345016429,15.452000000000009,150,43,169,1131,0,0.45368821292775663
03091,0.4529277566539924,0.47261774370208104,0.4134720700985761,61.35195000000003,149,33,0,2856,0,0.4134720700985761
11010,0.44562737642585554,1.0,0.9780941949616648,368.7524999999981,147,96,35,2673,0,0.44562737642585554
12044,0.44076045627376426,0.9983570646221248,0.6467688937568455,44.58200000000002,145,169,51,1472,0,0.44076045627376426
03110,0.43376425855513306,0.41511500547645125,0.42825848849945236,116.57999999999993,143,24,18,2022,0,0.41511500547645125
12015,0.42250950570342205,1.0,0.46276013143483025,11.297500000000003,139,219,138,798,0,0.42250950570342205
14011,0.4159695817490494,0.6363636363636364,0.3849945235487404,279.2999999999997,137,39,44,1380,0,0.3849945235487404
05001,0.3855513307984791,1.0,0.9123767798466593,142.41599999999997,127,45,38,2473,0,0.3855513307984791
05017,0.3746007604562738,1.0,0.9709748083242059,161.37900000000005,124,81,63,2368,0,0.3746007604562738
17005,0.372319391634981,0.49123767798466594,0.6396495071193866,154.02000000000024,123,2,37,2134,0,0.372319391634981
15006,0.36228136882129275,1.0,0.8707557502738226,177.77399999999972,120,118,51,1907,0,0.36228136882129275
15001,0.30342205323193916,1.0,0.7338444687842278,346.72299999999996,100,116,61,1043,0,0.30342205323193916
05025,0.2968821292775665,1.0,0.515881708652793,0.9544999999999981,98,32,32,610,0,0.2968821292775665
04015,0.26813688212927755,1.0,0.9079956188389924,188.46999999999983,89,101,47,1488,0,0.26813688212927755
13013,0.19893536121673003,0.0,0.07502738225629792,45.15349999999997,66,0,6,1038,0,0.0
05021,0.17490494296577946,1.0,0.9660460021905805,26.241,58,50,27,738,0,0.17490494296577946
