catchment_id,model,n,mae,rmse,nse,kge,bias
03005,xgboost,1614,129.3687805908271,556.8665109459613,0.8039634079911452,0.7986691017266828,-42.25517637691231
03005,lstm,1614,160.33164443383905,632.4811156189439,0.7471109248231071,0.8083495520609677,-8.204838812020013
03005,persistence,1614,169.5643172991154,713.953598781031,0.6777633631312253,0.8388805715793985,0.024591077511490794
03008,xgboost,1563,69.91485950781095,419.3700664502936,0.62525655921957,0.6965844548632807,-20.03532392794935
03008,lstm,1563,92.03313420912203,525.5573273005958,0.4114554072777389,0.7059812004769799,14.34907779681019
03008,persistence,1563,94.82964184458868,533.3209219120029,0.3939388779516265,0.6969672771791195,0.022271272317004067
03013,xgboost,1614,11.6222285867404,90.30339170158491,0.24678093031418402,0.22615878333359218,-4.76993296516004
03013,lstm,1614,16.907227691073697,107.27268512924807,-0.06289774406511928,0.38366148969240077,1.924386381659809
03013,persistence,1614,15.62557590953184,116.20598729422771,-0.24729790215760672,0.37634687884497986,0.004907063096577055
03040,xgboost,1614,6.867852641675016,32.76292237811385,0.4757205944075311,0.5467850590205482,-1.3519845135438515
03040,lstm,1614,11.58491326002531,37.26996017923993,0.32155383789574843,0.5151777255537706,0.17955362313003492
03040,persistence,1614,8.169138789730887,42.16571183929428,0.13160681704923027,0.5657905711143252,0.004454770828268342
03048,xgboost,1614,25.507166927653913,170.089001892419,0.4229999183276444,0.4830657417927101,-6.473712082969047
03048,lstm,1614,36.2648372955094,235.221046548805,-0.10350870936723822,0.46609428060268,1.7691157762944476
03048,persistence,1614,35.86024765002794,235.27418662472328,-0.1040073650900597,0.44798935558813724,0.014411400435803991
03094,xgboost,1614,15.691005965168157,97.51721901003407,0.451520810398198,0.573647085106181,-2.9159738154355566
03094,lstm,1614,28.038912331526163,171.774410672178,-0.7018233317214031,0.23801307152150009,11.422684456853027
03094,persistence,1614,20.900848721039782,127.2455208150844,0.06613833870952857,0.5330631113105155,0.007973977845840738
04004,xgboost,1548,39.207175648439694,201.6631774976641,0.7033504502910424,0.665750955437006,-15.412153069442482
04004,lstm,1548,52.39380752063267,303.1107170754183,0.3298175270468299,0.6303022695664827,3.3460222218638087
04004,persistence,1548,40.718979407479694,205.32497278626352,0.6924795300853912,0.8457476068484369,-0.6361111253114942
04007,xgboost,1334,4.505341784433978,18.21025918365454,0.7739571203910794,0.807618168598014,-0.9462276381728972
04007,lstm,1334,11.119608237557504,22.52727327031446,0.6540798729585954,0.5892866473417293,6.521903293690403
04007,persistence,1334,5.208485801806157,23.176693127632756,0.6338479094629301,0.8169537501562731,0.04676162008045317
04012,xgboost,1417,1.4651963192948458,9.300207199514166,0.4463483668098227,0.6333874139376796,-0.21550361860911554
04012,lstm,1417,2.6832910389885907,10.222299107198255,0.33111954557433043,0.42271295368157935,-0.11650394456396662
04012,persistence,1417,1.5380451422008563,10.58487760522576,0.2828285078662427,0.6414200664558353,-0.0003034579728637351
04021,xgboost,1531,34.428095902023315,113.72394030626775,0.6997422355280801,0.8173989468416003,1.6007528050585125
04021,lstm,1531,39.46332557165568,120.69560715673653,0.6618001762475982,0.8072652821540596,6.6970018005931715
04021,persistence,1531,28.17968629404737,121.47992364873089,0.6573904456628035,0.8286952228314022,0.0
04022,xgboost,1337,10.453202799361462,49.99538970874241,0.7392872571628275,0.7717904475727367,-1.393958377254712
04022,lstm,1337,16.431083052999373,52.5749156947432,0.7116901284855148,0.7119736666671499,3.586548451515348
04022,persistence,1337,12.50893037065741,67.61288276097326,0.5231725502330307,0.7615826863125821,0.007524308109782754
04026,xgboost,1826,41.50351864021284,162.07903536922802,0.9459959536099964,0.9459463080063134,-10.085272605309545
04026,lstm,1826,59.56579182293574,212.68217350390057,0.9070103110551747,0.8376413187403428,-28.952619521350773
04026,persistence,1826,58.91924426589581,193.3867889461006,0.9231177260997812,0.9615588630498902,0.0
04028,xgboost,1216,2.3170378938270293,11.268990077302012,0.512346881888728,0.6902791815664899,-0.007079154632463686
04028,lstm,1216,6.461714689668856,12.362690209955124,0.413096113030856,0.062301963138000405,4.8764611917891
04028,persistence,1216,2.6286759671363,13.438533601033376,0.3065026983511606,0.6532357644298921,0.009218750129404821
04030,xgboost,1427,12.602704435104688,89.9060119492233,0.6173644291662026,0.49411843670101907,-6.986151695085593
04030,lstm,1427,17.04270345856029,90.42745776257789,0.6129130622143717,0.7820770095871933,-0.8935283870027043
04030,persistence,1427,14.611058244942448,99.33816634215924,0.5328674266916551,0.7664324164134941,0.005648213286623724
04038,xgboost,1596,21.308969420400597,108.23753412886387,0.6707395761327034,0.6807519975267451,-7.703692037679471
04038,lstm,1596,30.09752902316681,133.18580763828746,0.5014604113925061,0.6767211133531766,-6.882405796716163
04038,persistence,1596,25.155213100270817,134.16679882392702,0.4940892947880243,0.7470446473940127,0.0
04054,xgboost,1753,13.626956995972362,75.41455727866851,0.8327170402395059,0.777113478009168,-5.957983712984258
04054,lstm,1753,21.424205400895474,99.98474067341539,0.7059583973023433,0.6066165428487478,-10.3932057014038
04054,persistence,1753,13.956554406313508,86.34639287075491,0.7807044942332936,0.8903522471166468,0.0
04061,xgboost,1795,4.205975119559807,32.05721981801493,0.7237416475235064,0.5497325560670048,-2.4324723982300207
04061,lstm,1795,6.007265988531883,31.90666869388634,0.7263303525522327,0.5616053662457026,-1.7696682234328438
04061,persistence,1795,4.840055724438851,32.60019757993507,0.7143039923830279,0.8571519961915139,0.0
04062,xgboost,1495,158.05040858461086,1288.6523184412376,0.4202330332791355,0.44354202684370836,-61.12787190063911
04062,lstm,1495,353.49342300466895,3185.939204359921,-2.5436997372091144,-0.5873475390774621,212.30782198712205
04062,persistence,1495,145.2085614023998,1403.5173986560894,0.31227066490921584,0.6561331828297285,0.12334448517764292
04063,xgboost,1795,27.362359926766985,95.13043893919884,0.7601400837234505,0.8311002596881829,3.552978161486611
04063,lstm,1795,33.652212042396776,108.75966243289548,0.6864878484964632,0.8023725830644097,6.83884682602205
04063,persistence,1795,22.7217493365402,107.13257210082226,0.6957982275437979,0.8478991137718991,0.0
04064,xgboost,1691,27.43632526953018,137.1348947597473,0.7550179088506338,0.8501963303940507,-4.494008884765953
04064,lstm,1691,35.45950161584167,143.53257408928638,0.7316266858930167,0.8438092208921474,-1.1760109154907363
04064,persistence,1691,27.382312575012605,147.97067921811035,0.7147736023433832,0.8573886603979082,-0.051028977478135625
05002,xgboost,1467,29.650468756503496,82.0509458551925,0.8277768582538116,0.9067893533953363,0.5659288478601096
05002,lstm,1467,37.957450474413704,85.33421234141186,0.813718085708179,0.8804395247004909,8.515861365977159
05002,persistence,1467,30.847668573818975,88.20278830960164,0.800983560231255,0.90048866813872,0.015807770025023166
05010,xgboost,1104,13.041441198602227,40.64238230026954,0.9254886887172473,0.9023573397296043,-3.516984375951517
05010,lstm,1104,20.211729456387136,48.10510131305933,0.8956130615850217,0.9155376941863763,0.2750165866876858
05010,persistence,1104,16.429166597894568,52.556818303120075,0.8753988574043137,0.9377047189054712,0.06318840686825739
05013,xgboost,1362,14.458244988380594,35.0039410725991,0.9074378221270198,0.9491047146876754,1.271698859033766
05013,lstm,1362,17.10571596741939,37.67296523046419,0.8927840776903394,0.9045984793041536,0.35706030860783944
05013,persistence,1362,15.650352606951929,40.802479459982344,0.8742312379864734,0.9371136886464356,0.006740087279489212
05018,xgboost,1347,3.3663880533978197,16.709154594177043,0.3107870129141582,0.6228077198976306,0.032546171867116544
05018,lstm,1347,8.674919196784098,21.83404719147889,-0.1768279850187897,0.22712538951242212,6.11241065902717
05018,persistence,1347,3.2469339357452562,15.566112583889598,0.40185726453964277,0.7009335970629254,0.0026280623324818316
05022,xgboost,1347,2.6189586823410425,4.68651052524872,0.38574736290508616,0.6749449851115539,0.4587452797618769
05022,lstm,1347,5.5746083600528165,8.223842787488485,-0.8914611921607098,0.19371558554224988,4.475821416932916
05022,persistence,1347,2.5467483241556303,4.850307228072804,0.3420599351469943,0.6709620389117226,0.003080920281017278
06001,xgboost,1826,26.58940695809024,138.88604268871623,0.6852940689580576,0.6701873108054859,-7.60299644740237
06001,lstm,1826,37.5906375262719,201.567687797738,0.3371281923905567,0.6399618197485386,7.54276539240061
06001,persistence,1826,33.841572010634636,165.51042566330324,0.553071107005974,0.7765340976854593,0.0058324203825467
07002,xgboost,1503,27.676975309446203,199.56895578981562,0.600438920129725,0.5715533746740964,-7.726947571848666
07002,lstm,1503,39.810344741254035,237.365501808136,0.434760624570948,0.7211943418408597,5.353898316324352
07002,persistence,1503,35.71450416484993,264.28367267564516,0.2992907103710145,0.6496416873885489,0.01552894094826298
07005,xgboost,1467,7.621451429480153,45.30794102313103,0.5378488066860605,0.632231985814673,-1.616849120568593
07005,lstm,1467,15.719444681499876,55.8094882156174,0.29878450279685365,0.5857848928864909,7.655920081637957
07005,persistence,1467,9.555092147421332,58.772516130695486,0.22235032755445994,0.6111676356132612,0.003980913532779748
07007,xgboost,1826,81.07157415783114,343.4085087313685,0.8157912235371528,0.7708368380106616,-27.862360766199203
07007,lstm,1826,99.12453982642029,364.44808883395467,0.7925279639362948,0.8533302641974241,4.428428646638125
07007,persistence,1826,101.64071234554739,439.29790126157525,0.6985561196645085,0.8492774804952148,0.00813800690599757
07008,xgboost,1706,31.42820761694002,124.94717598725308,0.5238582973838506,0.6911688462416306,1.9884710625101683
07008,lstm,1706,37.2052289358267,140.08592935046434,0.40148868912193925,0.6436180699720848,7.376887638466859
07008,persistence,1706,32.02270241132375,162.0831729319506,0.19876633108568664,0.5993843395925442,-0.0005334119584328404
